,covid_cases_geocode
0,3550308
1,3300407
2,2910800
3,3304557
4,5300108
5,3547304
6,3122306
7,2704302
8,4303905
9,4314902
10,4305108
11,4105508
12,4106902
13,3515707
14,4205407
15,5208707
16,3131307
17,2408102
18,3303302
19,2611606
20,5218805
21,4209102
22,1302603
23,2927408
24,2800308
25,5002704
26,3136702
27,3148103
28,4214300
29,4202800
30,5201108
31,2301000
32,3106200
33,2304400
34,3529401
35,2925303
36,3547809
37,3548708
38,3548807
39,2601706
40,4104204
41,3119401
42,3518800
43,2607901
44,4113700
45,3144805
46,2925501
47,1200401
48,3167202
49,3170206
50,5201405
51,4202008
52,3505708
53,1501402
54,3509502
55,3513009
56,4108304
57,3301850
58,3524709
59,5211909
60,2507507
61,4115200
62,3534401
63,1721000
64,2805703
65,4319901
66,2312908
67,3549805
68,3549904
69,4218707
70,4300604
71,4301602
72,4307005
73,4307906
74,2914802
75,3203205
76,3302908
77,5007901
78,3552502
79,4216602
80,4321204
81,3554102
82,2211001
83,3556453
84,3205200
85,3205309
86,4302105
87,3201209
88,2905701
89,3201308
90,4204202
91,4204608
92,5103403
93,2304459
94,4108809
95,3519071
96,4207304
97,4310801
98,4208906
99,1100122
100,2307304
101,1600303
102,3140001
103,3530607
104,4211306
105,2403251
106,4213203
107,3151800
108,4317103
109,2111300
110,3170107
111,1400100
112,4304606
113,4304804
114,4305355
115,4306403
116,4306767
117,4307807
118,4206207
119,4208203
120,4208807
121,4311403
122,2408003
123,2804508
124,4118501
125,3303906
126,4119905
127,5006606
128,1100205
129,4320404
130,4318705
131,4321501
132,4128104
133,2903201
134,4202404
135,5205109
136,2908507
137,4307609
138,4209300
139,4316907
140,4317608
141,3106705
142,3107406
143,2904605
144,3111507
145,4304630
146,2604106
147,4104808
148,3118601
149,4306205
150,4205902
151,2502607
152,2918001
153,2918407
154,3137205
155,1504208
156,4313508
157,2611101
158,4213500
159,4315602
160,3204609
161,4317400
162,3205002
163,3304904
164,3168705
165,4323002
166,5108402
167,4300703
168,1400159
169,4303509
170,3301009
171,2908606
172,3301702
173,4308607
174,4209409
175,2308104
176,5108956
177,4118402
178,4314001
179,2931350
180,4127106
181,4218004
182,5221858
183,3306305
184,1500800
185,4203204
186,4104303
187,2906204
188,4203709
189,4305173
190,4306601
191,3515004
192,4107603
193,4309209
194,2913606
195,3521408
196,3525904
197,5212501
198,4314407
199,2707503
200,3539806
201,3304201
202,3543303
203,3543907
204,5220603
205,2928950
206,4217006
207,3550704
208,3552809
209,3306107
210,3556206
211,2900702
212,3503901
213,3107109
214,1300706
215,1502400
216,3201407
217,3127701
218,1503606
219,4208302
220,3527306
221,3528502
222,4311809
223,4313102
224,4314100
225,4314605
226,3543402
227,4316006
228,4217600
229,3162500
230,3554003
231,4218103
232,1702109
233,5002001
234,4303004
235,2603454
236,2504009
237,3111200
238,3114204
239,3513801
240,2606200
241,4109401
242,3128907
243,5209705
244,2913903
245,4110805
246,3301900
247,1302504
248,2307700
249,4122305
250,5007406
251,3156700
252,4317202
253,3552205
254,2516201
255,2210052
256,4216909
257,3204955
258,4128203
259,2400208
260,4202909
261,2402006
262,4304507
263,2303709
264,5003702
265,5208608
266,3202405
267,2915205
268,3202801
269,2407104
270,3302601
271,4115309
272,2407807
273,3303500
274,4212205
275,1505536
276,2207702
277,2409100
278,4120705
279,2311306
280,4216206
281,2412005
282,2412203
283,2613701
284,2411056
285,4219002
286,5200258
287,1200013
288,4104907
289,4106209
290,3125101
291,4207502
292,1301902
293,2306256
294,2915601
295,2917102
296,2307650
297,4114609
298,4115804
299,3143906
300,4313409
301,4118808
302,2925204
303,1200807
304,3304524
305,3157807
306,3305554
307,3166808
308,4125506
309,3204906
310,4127304
311,3300100
312,2401008
313,2302206
314,3507803
315,3509205
316,2910057
317,3522505
318,5211503
319,3524006
320,1100114
321,2407005
322,3139409
323,4115705
324,2922904
325,1303205
326,2610004
327,2510808
328,3536505
329,3537305
330,4212650
331,3538709
332,3540606
333,3304300
334,4122206
335,5107602
336,3548500
337,3550407
338,4321303
339,3305802
340,3170404
341,1500107
342,5000252
343,3101607
344,3200359
345,3501608
346,3502804
347,2902708
348,3506003
349,3508603
350,4303103
351,2906501
352,2907509
353,2908002
354,4108403
355,3516408
356,3518701
357,2607307
358,2915502
359,3522208
360,3523107
361,4113205
362,3526803
363,3302403
364,1504422
365,3529302
366,2921104
367,3530706
368,5006200
369,3533403
370,5216304
371,3538907
372,4120804
373,3545308
374,3546801
375,2312205
376,4318051
377,3549706
378,3305208
379,3551009
380,1508100
381,4128609
382,3205101
383,3556701
384,3557006
385,3557105
386,3200102
387,4300406
388,2600708
389,3200607
390,3103504
391,4101507
392,4101804
393,3300258
394,4102000
395,2100055
396,1501303
397,2903102
398,2503209
399,5204508
400,4103701
401,5204607
402,3112802
403,2402600
404,5205497
405,2304285
406,4107652
407,4108601
408,4109708
409,2105302
410,3520509
411,3522109
412,3138203
413,3526902
414,3152501
415,3541000
416,1506807
417,4319505
418,5107958
419,2313401
420,5221403
421,5008305
422,2933307
423,3500709
424,3503208
425,3104205
426,3504008
427,3105608
428,2903409
429,4202305
430,1400175
431,2801306
432,4106407
433,3514403
434,3516200
435,3516309
436,3202207
437,4309308
438,2305407
439,3302007
440,2306306
441,2306405
442,3523206
443,3523909
444,2306900
445,3525300
446,4209003
447,4113403
448,5105259
449,3302502
450,4114302
451,4117701
452,4118204
453,4212304
454,2927705
455,3158953
456,3160405
457,4320008
458,5107909
459,3205010
460,4318309
461,4125555
462,4127205
463,3169109
464,4321600
465,4322400
466,4323408
467,3500501
468,3500105
469,1500602
470,4201406
471,3300209
472,4101705
473,3504107
474,3300308
475,2401404
476,1501501
477,5203500
478,2602902
479,4104006
480,2202208
481,2302800
482,2402303
483,3201506
484,3513108
485,3124104
486,2304301
487,1503093
488,3301876
489,2305654
490,4207858
491,3131703
492,3524303
493,2507804
494,4210100
495,2704708
496,3529005
497,4211207
498,3303203
499,5215009
500,1505031
501,4211900
502,2610707
503,3304102
504,3541604
505,2411502
506,4126256
507,5220454
508,2515500
509,1507458
510,2111201
511,5220108
512,3306008
513,2932804
514,2900355
515,5100250
516,3507506
517,2904902
518,5102637
519,3113909
520,3511300
521,4105409
522,1707009
523,2911204
524,4109302
525,3518206
526,2305233
527,4109757
528,2802908
529,2916401
530,3522604
531,4208401
532,3525706
533,3144300
534,3303401
535,5106224
536,1600501
537,3534302
538,4117602
539,3303708
540,3536208
541,3148004
542,4212403
543,4119301
544,4122404
545,3546009
546,2930709
547,4217709
548,3550100
549,2112209
550,2932705
551,3170701
552,2301109
553,2401107
554,4301057
555,4102307
556,2303303
557,5002951
558,4307708
559,2912905
560,2305506
561,2305902
562,1301852
563,3302205
564,3522307
565,2916807
566,3135100
567,2307601
568,2309409
569,2923308
570,2309706
571,2923506
572,3147006
573,3147303
574,2310506
575,2310852
576,2924702
577,2311405
578,1100288
579,4316600
580,4316808
581,4123402
582,2928109
583,1600600
584,3165537
585,4126405
586,4216107
587,4318440
588,3305000
589,2413904
590,3305752
591,2414100
592,3554409
593,3305901
594,1100304
595,2300754
596,5101407
597,4102406
598,2902906
599,3506508
600,3507001
601,2603108
602,2102408
603,3110608
604,1502103
605,2906006
606,5102702
607,3510500
608,2303600
609,3115805
610,2304103
611,2304236
612,5102504
613,3121902
614,3126109
615,3127107
616,2305001
617,3202504
618,2913200
619,3520426
620,3135407
621,2608453
622,2307502
623,3139003
624,3141108
625,4312252
626,3530300
627,3143302
628,3146008
629,2706307
630,2610608
631,2208304
632,1200385
633,3541505
634,4120507
635,3546405
636,2312007
637,4215703
638,3165578
639,2312700
640,3548906
641,2929206
642,5107107
643,4318804
644,4320859
645,4218202
646,3169901
647,5108303
648,4219309
649,4200606
650,1400050
651,4201000
652,3503307
653,3505500
654,3506102
655,3201001
656,2602209
657,3300506
658,3108404
659,3507605
660,3300704
661,2303501
662,3301306
663,3511102
664,2604205
665,5103007
666,5003207
667,4306809
668,4309555
669,3519709
670,2606804
671,3133600
672,3523404
673,3302270
674,2609006
675,3531308
676,2609402
677,5214861
678,3203908
679,4314035
680,3537602
681,3538006
682,3151503
683,3304110
684,5107040
685,3304128
686,4121208
687,2612208
688,3545209
689,4215455
690,2109908
691,2513703
692,1507003
693,3305406
694,2807105
695,5007935
696,3552403
697,2110401
698,3550605
699,2615300
700,4322251
701,5222005
702,4128708
703,2616407
704,3101805
705,2902104
706,2601201
707,4301107
708,3504503
709,3504602
710,3505906
711,2501807
712,5203302
713,1200138
714,3113305
715,3508504
716,2103505
717,2908408
718,2910701
719,4205456
720,4309050
721,5208509
722,5209101
723,2911501
724,5209200
725,3518305
726,1709500
727,2305357
728,2105104
729,3131158
730,2915106
731,2306207
732,2916856
733,4111506
734,3524402
735,3524808
736,3525508
737,5105234
738,3526407
739,1302702
740,3530508
741,2308500
742,5213756
743,3533908
744,1100155
745,2804904
746,2610509
747,3538105
748,5217401
749,1303536
750,3541406
751,3304508
752,2930501
753,3551702
754,4215802
755,3162906
756,4125001
757,3553401
758,4217907
759,4127700
760,2112605
761,4322509
762,3171006
763,3205069
764,2600054
765,5201207
766,3503802
767,4201901
768,4212809
769,4202107
770,3505401
771,4302402
772,3108305
773,4103909
774,3301108
775,2603801
776,2604007
777,4203006
778,4305454
779,4204251
780,3514809
781,2605806
782,2606002
783,4205704
784,4206504
785,3518404
786,3133105
787,2916302
788,3522406
789,3523503
790,2917300
791,3524501
792,2608107
793,3136207
794,2608909
795,4114500
796,4210605
797,4312401
798,3140159
799,4211702
800,3303807
801,3147105
802,3303856
803,2611309
804,4215000
805,2928059
806,3158003
807,3305703
808,3549102
809,2932309
810,4219200
811,2314003
812,3502903
813,1100023
814,2602100
815,3300605
816,2102374
817,3300803
818,2905602
819,2906808
820,2102705
821,2103208
822,2304202
823,3513504
824,2305605
825,2607208
826,3132404
827,3133501
828,3302254
829,2917607
830,4115507
831,4211504
832,3534708
833,4117503
834,3303609
835,3536802
836,3151206
837,3540705
838,5218391
839,2311504
840,2926905
841,2311801
842,3545803
843,4320107
844,2312809
845,2613909
846,2613107
847,3304755
848,3204708
849,3163706
850,2312601
851,3550209
852,2313104
853,3555000
854,2112803
855,3500600
856,1500206
857,3501905
858,3501707
859,3502754
860,2302057
861,1501907
862,3508900
863,3110707
864,2906873
865,1301100
866,1703867
867,3117306
868,2403301
869,4306908
870,3125903
871,2304350
872,2605905
873,3129806
874,3519402
875,3131505
876,2306553
877,3134202
878,3134608
879,2919553
880,3143104
881,1400456
882,5006309
883,1716109
884,1506112
885,2611507
886,5218607
887,4215505
888,2612505
889,2411205
890,3546900
891,2614105
892,2613008
893,3160900
894,3162104
895,3204807
896,1507607
897,2615409
898,2615508
899,2112902
900,3100203
901,3200300
902,2100402
903,3108107
904,3111606
905,2402204
906,2103000
907,2402709
908,2604502
909,3124302
910,2606101
911,4310330
912,5210604
913,4208500
914,4113007
915,2406304
916,2609105
917,3140308
918,2106805
919,5005707
920,5214507
921,3145208
922,2309607
923,3149903
924,3151107
925,3304003
926,5217302
927,3204500
928,4123956
929,2110203
930,2515302
931,3305505
932,2930154
933,3304805
934,2613404
935,5221601
936,4322806
937,2114007
938,2900108
939,2400109
940,2300309
941,4300208
942,4101408
943,2601052
944,2601904
945,3509700
946,2906303
947,1502202
948,4203956
949,2202505
950,1502707
951,5003306
952,1200203
953,2403103
954,4307500
955,5208004
956,3516705
957,2606408
958,2304657
959,3520202
960,4207700
961,2916203
962,4112702
963,2608701
964,3528007
965,5216403
966,2409407
967,2208106
968,4315701
969,4214805
970,1506203
971,4317905
972,4321451
973,2313500
974,3555406
975,4322608
976,3104007
977,3300233
978,3505203
979,2301950
980,2903904
981,1501709
982,3509403
983,1502152
984,2302909
985,2603900
986,3115300
987,2604403
988,3512308
989,2402907
990,5207535
991,2911006
992,5208806
993,3127388
994,2104677
995,3128303
996,3203106
997,3526704
998,3527108
999,1302405
1000,3528403
1001,3140803
1002,1600402
1003,3531100
1004,5213806
1005,3532603
1006,1504976
1007,2310209
1008,3147907
1009,3537909
1010,3540200
1011,5106752
1012,1600535
1013,3543709
1014,1506187
1015,1506351
1016,4123303
1017,3204559
1018,2928505
1019,4124004
1020,2708907
1021,4124905
1022,2500700
1023,2412559
1024,2210607
1025,3165107
1026,2516508
1027,1508084
1028,4127957
1029,2932507
1030,1600808
1031,3556503
1032,1505106
1033,3101706
1034,2200400
1035,3502101
1036,3502705
1037,2301208
1038,5201801
1039,3300225
1040,4101903
1041,2302107
1042,3106101
1043,3506409
1044,2701001
1045,3201100
1046,2201929
1047,3508108
1048,1502004
1049,2302602
1050,4304200
1051,1502301
1052,3510203
1053,3300936
1054,2303006
1055,4305306
1056,5103361
1057,3513405
1058,2910727
1059,3515509
1060,2304707
1061,3520103
1062,2914604
1063,2307403
1064,1600279
1065,3527207
1066,1504406
1067,2308005
1068,3302809
1069,3530805
1070,1504802
1071,3531803
1072,3531902
1073,3532009
1074,2309102
1075,4312674
1076,2804805
1077,2923605
1078,3536703
1079,2208007
1080,3539400
1081,3541059
1082,3304151
1083,2311264
1084,2311603
1085,2611804
1086,3543808
1087,2707701
1088,2311959
1089,4215653
1090,5219753
1091,3305604
1092,2806701
1093,2931202
1094,2313302
1095,4321469
1096,1721208
1097,2615706
1098,2933000
1099,1508209
1100,3205176
1101,2900603
1102,3500758
1103,2600906
1104,2901106
1105,3200409
1106,4201273
1107,4201505
1108,2101202
1109,2101251
1110,2401503
1111,3201159
1112,2904704
1113,1100452
1114,3509601
1115,3511003
1116,4204301
1117,2605004
1118,2909901
1119,2203305
1120,3514502
1121,2605202
1122,3515400
1123,2605400
1124,4308201
1125,4108908
1126,2204709
1127,2404705
1128,2803005
1129,2105401
1130,3133808
1131,3203130
1132,2803500
1133,3138401
1134,4209854
1135,5005608
1136,1400308
1137,3145307
1138,3204054
1139,3538600
1140,2512101
1141,2311108
1142,4213708
1143,3204302
1144,1506104
1145,2311702
1146,3204401
1147,1400472
1148,3546702
1149,4124202
1150,2413300
1151,2614501
1152,2312403
1153,3549409
1154,3553104
1155,2112233
1156,2709301
1157,2300200
1158,3503109
1159,2101707
1160,2302305
1161,2201919
1162,3110004
1163,3110509
1164,5205000
1165,5205406
1166,2303956
1167,3118304
1168,3119302
1169,2203701
1170,2204006
1171,2304954
1172,4109203
1173,3128709
1174,2305266
1175,3520442
1176,4207106
1177,3132206
1178,4208104
1179,2306504
1180,2405009
1181,3526209
1182,2608503
1183,2205706
1184,4210803
1185,3529807
1186,2106755
1187,3142908
1188,2107100
1189,5005681
1190,3143807
1191,4312609
1192,2309508
1193,3536570
1194,4212502
1195,2610905
1196,2410108
1197,3542206
1198,3542602
1199,2611903
1200,2612406
1201,3547908
1202,2513901
1203,2613602
1204,2210201
1205,1400605
1206,2412500
1207,3164704
1208,2613800
1209,2414407
1210,2112308
1211,2313559
1212,2932903
1213,2112704
1214,2616209
1215,2300150
1216,2100204
1217,4100608
1218,1100403
1219,2400703
1220,3502200
1221,2200608
1222,3502507
1223,2700300
1224,2101004
1225,3504305
1226,2401453
1227,5101803
1228,2401602
1229,2602308
1230,3509908
1231,2907301
1232,4204004
1233,2504702
1234,2908903
1235,2304004
1236,2103703
1237,4107207
1238,3124203
1239,2304905
1240,2911709
1241,4309951
1242,3520301
1243,4110078
1244,2802809
1245,5104526
1246,2803203
1247,4111902
1248,2307007
1249,2105658
1250,3526001
1251,5005202
1252,2106508
1253,2921450
1254,5105622
1255,4116208
1256,3144508
1257,4117107
1258,5006275
1259,3537800
1260,3303955
1261,3540408
1262,2512507
1263,2208874
1264,2109601
1265,4123709
1266,3160702
1267,5007802
1268,3551504
1269,4320800
1270,2708709
1271,2412807
1272,3553807
1273,3553906
1274,3169406
1275,2211100
1276,2709400
1277,2600609
1278,2300507
1279,2600807
1280,4100905
1281,2100709
1282,3200508
1283,2301307
1284,3104106
1285,4301008
1286,2301851
1287,2903300
1288,2603207
1289,4304705
1290,3113701
1291,4106704
1292,2605103
1293,2802106
1294,2203909
1295,2305209
1296,2703007
1297,2305332
1298,2404606
1299,3519907
1300,1503200
1301,5210000
1302,3133303
1303,4112405
1304,2307106
1305,2608057
1306,2608305
1307,3137601
1308,2205565
1309,2406809
1310,2308302
1311,2705507
1312,4312658
1313,4212007
1314,4118105
1315,2610806
1316,2207900
1317,2310803
1318,3538808
1319,3204203
1320,4119707
1321,2311231
1322,2611200
1323,2926608
1324,1506302
1325,4124053
1326,1200450
1327,2614204
1328,3167707
1329,4126702
1330,3553708
1331,2615805
1332,2313906
1333,3170909
1334,3171204
1335,2314102
1336,3171303
1337,4219705
1338,1500909
1339,2101400
1340,5001904
1341,2201739
1342,1502608
1343,2202752
1344,3120904
1345,3514908
1346,2605509
1347,3518909
1348,4109807
1349,2914000
1350,4207809
1351,2914653
1352,2914703
1353,2915700
1354,2607703
1355,2205102
1356,4111803
1357,2306702
1358,2206209
1359,3529708
1360,2106672
1361,3530102
1362,2921609
1363,2921906
1364,1504059
1365,1505304
1366,1505403
1367,2310704
1368,2706901
1369,4119251
1370,5217609
1371,3152303
1372,2805604
1373,3542008
1374,1506500
1375,3304706
1376,3162955
1377,1507961
1378,2615904
1379,2616308
1380,5105507
1381,2113009
1382,1508407
1383,3200201
1384,2400505
1385,2301505
1386,2301901
1387,2503704
1388,3510302
1389,2701704
1390,1400233
1391,3557204
1392,2504603
1393,2909505
1394,2504900
1395,3201902
1396,3124401
1397,3202306
1398,2607000
1399,1503408
1400,3202652
1401,2506905
1402,2607653
1403,2608008
1404,4114203
1405,2704807
1406,3140209
1407,3532405
1408,2206720
1409,2309458
1410,1505486
1411,2924009
1412,1100189
1413,2109205
1414,3541703
1415,4316402
1416,1506609
1417,2312502
1418,3549953
1419,2614600
1420,1507953
1421,1508035
1422,4323200
1423,3556909
1424,2900405
1425,2900306
1426,2500403
1427,2300903
1428,2301257
1429,2501708
1430,4103057
1431,3508405
1432,4303806
1433,2402105
1434,2402402
1435,3301405
1436,2504801
1437,1502772
1438,1502905
1439,2403756
1440,4107900
1441,1503077
1442,2912103
1443,2305704
1444,2507101
1445,2306603
1446,3524204
1447,5104807
1448,2608255
1449,3137403
1450,4311791
1451,2609501
1452,4116901
1453,2609808
1454,2610202
1455,2108207
1456,3150406
1457,4121000
1458,2611533
1459,1506138
1460,5107206
1461,1303569
1462,2927002
1463,2413409
1464,2930402
1465,1600055
1466,1507102
1467,3161106
1468,3161601
1469,1507508
1470,2111102
1471,3168606
1472,2807501
1473,4322004
1474,2313807
1475,3500303
1476,1500404
1477,2900900
1478,2300705
1479,2700201
1480,3300159
1481,3503604
1482,2700508
1483,3505609
1484,5203203
1485,3506607
1486,3108602
1487,3509254
1488,2603504
1489,2905909
1490,2303402
1491,2202604
1492,2103307
1493,1502756
1494,2604601
1495,5103353
1496,2304277
1497,4307054
1498,3515186
1499,2506301
1500,2306009
1501,3523305
1502,4208609
1503,2405801
1504,2105708
1505,2919405
1506,2704203
1507,3527405
1508,2205805
1509,3302452
1510,1302553
1511,3529906
1512,2106904
1513,3143609
1514,2206704
1515,5215231
1516,2309805
1517,3535309
1518,2706448
1519,1600154
1520,3539301
1521,3539509
1522,3545001
1523,4316758
1524,3547502
1525,4126603
1526,2313005
1527,2929354
1528,1507474
1529,3550803
1530,1720804
1531,2614857
1532,3169356
1533,4322103
1534,1101708
1535,4219176
1536,3306206
1537,2616506
1538,2200202
1539,2600302
1540,2500304
1541,2100477
1542,2200459
1543,3101508
1544,1500859
1545,1500958
1546,4202057
1547,3505302
1548,4102604
1549,3106309
1550,3106408
1551,2302404
1552,2201903
1553,3507407
1554,2302503
1555,2502805
1556,2503001
1557,4303673
1558,5204706
1559,2302701
1560,2303105
1561,3512407
1562,2604700
1563,2504850
1564,2909802
1565,2702405
1566,3514007
1567,2103802
1568,3515152
1569,3124500
1570,3515202
1571,4308250
1572,4109609
1573,3517406
1574,2606606
1575,2204659
1576,3131406
1577,2507002
1578,1600253
1579,3523602
1580,3525201
1581,2205508
1582,3526100
1583,2608404
1584,3526605
1585,4114104
1586,2205904
1587,2704500
1588,2920601
1589,3203346
1590,3529203
1591,5213103
1592,2407708
1593,4313003
1594,2309201
1595,4313300
1596,1505007
1597,1303304
1598,1505502
1599,2511202
1600,2706802
1601,4315305
1602,5107065
1603,2311355
1604,4316501
1605,3166105
1606,3551603
1607,1304005
1608,2929701
1609,2312304
1610,2110856
1611,2111003
1612,2708600
1613,3305307
1614,1508001
1615,2615607
1616,3169604
1617,2313757
1618,1508308
1619,1500503
1620,2200707
1621,2501104
1622,4301404
1623,2401206
1624,2601805
1625,3106903
1626,3507100
1627,2502508
1628,3507456
1629,2603009
1630,2905503
1631,2202307
1632,2303931
1633,1706001
1634,2304269
1635,4308904
1636,2104552
1637,2404507
1638,2506400
1639,3519055
1640,2914901
1641,3521903
1642,2607802
1643,5211800
1644,2918803
1645,2919504
1646,2307809
1647,2509156
1648,3140506
1649,3531506
1650,2308708
1651,3144102
1652,2922607
1653,2207009
1654,2705705
1655,2923209
1656,2408508
1657,2310258
1658,3537206
1659,4212601
1660,3538204
1661,3539103
1662,2208403
1663,4314779
1664,2707305
1665,3541109
1666,4213906
1667,2109106
1668,3153202
1669,2209005
1670,3546207
1671,5219308
1672,3548054
1673,3548203
1674,4217501
1675,3552106
1676,2708808
1677,4320909
1678,4321667
1679,3554953
1680,2211407
1681,1600105
1682,3503406
1683,2700409
1684,5202809
1685,1501576
1686,2102101
1687,2202000
1688,2102325
1689,2905156
1690,3109907
1691,2905800
1692,1100809
1693,2303204
1694,2603926
1695,2604304
1696,2103174
1697,4305504
1698,3301504
1699,4305900
1700,2801702
1701,4306106
1702,2203503
1703,2506004
1704,2104057
1705,3125309
1706,2606309
1707,1709302
1708,1301704
1709,3202603
1710,1503309
1711,2606903
1712,3130556
1713,2306108
1714,1503507
1715,3133006
1716,2916104
1717,1302009
1718,4208005
1719,2306801
1720,2608602
1721,2919058
1722,2608800
1723,3203320
1724,4311908
1725,2307908
1726,2804003
1727,2705101
1728,2308377
1729,1504604
1730,5214606
1731,1504950
1732,2107407
1733,2609709
1734,2609907
1735,4118303
1736,4213401
1737,3151701
1738,4316709
1739,3304607
1740,1507201
1741,2209708
1742,2613305
1743,3305133
1744,3164209
1745,1600709
1746,2615201
1747,4321956
1748,4321857
1749,4218806
1750,2932200
1751,2616001
1752,4219606
1753,2600401
1754,2300101
1755,2800506
1756,1702554
1757,3504206
1758,2201200
1759,2102002
1760,1501600
1761,4104105
1762,4304358
1763,2801207
1764,4305587
1765,2103554
1766,2202901
1767,4105300
1768,4306320
1769,2203750
1770,4205308
1771,2304509
1772,4309605
1773,4206900
1774,3520004
1775,5210109
1776,2305803
1777,2404853
1778,3302056
1779,1101104
1780,3524105
1781,2607950
1782,2508307
1783,2106300
1784,2509107
1785,3141801
1786,2308401
1787,2206407
1788,4118006
1789,3149309
1790,2208205
1791,5106505
1792,3540903
1793,2611408
1794,2806008
1795,2806107
1796,3546603
1797,2409332
1798,2928000
1799,3305158
1800,1507466
1801,1720200
1802,1708254
1803,5221809
1804,2211209
1805,2100436
1806,2100600
1807,2800209
1808,2902005
1809,4201307
1810,2500809
1811,3200706
1812,3200805
1813,3200904
1814,3506805
1815,3508702
1816,2504207
1817,2103406
1818,3512001
1819,3201605
1820,3201704
1821,3512902
1822,3512803
1823,3201803
1824,3202009
1825,2910008
1826,3202108
1827,4308102
1828,2605608
1829,4205506
1830,3202256
1831,3517703
1832,3202454
1833,3202553
1834,3202702
1835,3202900
1836,3203007
1837,2917706
1838,3203056
1839,5104906
1840,2803401
1841,5212055
1842,2406601
1843,3203163
1844,3527009
1845,2307635
1846,3139508
1847,3203304
1848,4210407
1849,3203353
1850,2921005
1851,3203403
1852,3203502
1853,2206654
1854,3203601
1855,3203700
1856,3203809
1857,2408300
1858,4117008
1859,3533502
1860,2107456
1861,2706208
1862,2207504
1863,4212106
1864,3204005
1865,2706703
1866,2108454
1867,2611002
1868,2108603
1869,3204104
1870,3538303
1871,3204252
1872,1718204
1873,4120333
1874,2208650
1875,3542404
1876,3543006
1877,4121901
1878,3204351
1879,2927507
1880,4215554
1881,2612703
1882,3548005
1883,4317509
1884,2929909
1885,2111763
1886,2413359
1887,3204658
1888,2929107
1889,1507300
1890,2613503
1891,2514602
1892,2111508
1893,2412609
1894,2210508
1895,4217808
1896,4217956
1897,4218301
1898,3169307
1899,4322152
1900,3555109
1901,2807600
1902,3205036
1903,3205150
1904,4323606
1905,1722081
1906,4323804
1907,4219853
1908,3200169
1909,4200507
1910,3200136
1911,3501301
1912,2600104
1913,2600203
1914,2500601
1915,3102001
1916,2100873
1917,2902252
1918,2200905
1919,1702901
1920,1501204
1921,1703057
1922,2700607
1923,2700706
1924,2201770
1925,3107901
1926,2701100
1927,2401800
1928,4104709
1929,2702306
1930,2304251
1931,1100940
1932,1502939
1933,2304608
1934,2104651
1935,3518602
1936,2105005
1937,3129608
1938,1503457
1939,3133709
1940,4111308
1941,1503804
1942,4311106
1943,2704005
1944,2704104
1945,2106003
1946,4113809
1947,1504307
1948,2920502
1949,2920700
1950,2308203
1951,3142403
1952,1504703
1953,3144003
1954,1200336
1955,1714880
1956,4313706
1957,3535606
1958,3535804
1959,2706604
1960,2409902
1961,2109007
1962,3541307
1963,2512804
1964,3544004
1965,4316436
1966,3545159
1967,2513307
1968,4123907
1969,2928604
1970,3551108
1971,2111789
1972,4215752
1973,2514503
1974,2210359
1975,2111409
1976,4217105
1977,3164605
1978,2615003
1979,2112506
1980,2517001
1981,3556354
1982,1200708
1983,3500402
1984,3500204
1985,3502309
1986,2300804
1987,2101103
1988,1501253
1989,2101772
1990,2101905
1991,4302253
1992,2401701
1993,1100049
1994,3509304
1995,1400209
1996,2801405
1997,3511706
1998,1705508
1999,2604809
2000,2604908
2001,3122405
2002,2104008
2003,2204105
2004,4205803
2005,1101005
2006,1100106
2007,2305100
2008,2911808
2009,2104909
2010,2305308
2011,4206801
2012,2606705
2013,3519600
2014,3130051
2015,4310207
2016,4111407
2017,3136652
2018,2803609
2019,4209607
2020,2803708
2021,2508901
2022,4312138
2023,2308351
2024,3303005
2025,2308609
2026,4312385
2027,2309003
2028,2804300
2029,3533106
2030,1100502
2031,2705606
2032,1505437
2033,2408904
2034,2108058
2035,1505601
2036,5106422
2037,2311009
2038,2410207
2039,1506005
2040,2109239
2041,2512309
2042,2512903
2043,2612000
2044,3545407
2045,5219258
2046,2612604
2047,3547007
2048,3159605
2049,2806602
2050,2515807
2051,4318457
2052,4216354
2053,2613206
2054,2210300
2055,2709103
2056,3554607
2057,2807402
2058,4127858
2059,1500347
2060,2100303
2061,2100832
2062,1702208
2063,1200054
2064,2601409
2065,2102077
2066,2800670
2067,3109105
2068,2503605
2069,1600204
2070,2701407
2071,2504157
2072,3115458
2073,2702108
2074,3512209
2075,3512506
2076,5103437
2077,2103901
2078,1100098
2079,2802304
2080,3519303
2081,2506707
2082,3302106
2083,3521804
2084,3524600
2085,2703809
2086,2918555
2087,2106326
2088,2509701
2089,2107357
2090,4117909
2091,3537156
2092,2511509
2093,2410009
2094,2511707
2095,2511905
2096,3151602
2097,3152204
2098,5107008
2099,1101476
2100,2410702
2101,2410900
2102,4315800
2103,2110005
2104,2708006
2105,1506906
2106,2111722
2107,3165800
2108,2514404
2109,2210003
2110,2111706
2111,2413805
2112,3553955
2113,3554508
2114,2313609
2115,1101757
2116,2211308
2117,3556404
2118,2933158
2119,1700301
2120,1100015
2121,4200754
2122,4100806
2123,2200509
2124,1701002
2125,2800407
2126,4302006
2127,1501451
2128,4202206
2129,2602605
2130,1501782
2131,2102358
2132,1100031
2133,1501956
2134,1100700
2135,2801009
2136,4304614
2137,3301207
2138,2202729
2139,2202778
2140,2702207
2141,2103604
2142,2802007
2143,1502954
2144,1200302
2145,1600238
2146,2911600
2147,2912707
2148,2105153
2149,3130101
2150,2703700
2151,2703759
2152,2608206
2153,2205524
2154,4113502
2155,2407500
2156,2206506
2157,2922656
2158,4211405
2159,3534609
2160,3145901
2161,2923902
2162,2108306
2163,2511301
2164,2108504
2165,2108801
2166,4213104
2167,2925956
2168,3153905
2169,4214904
2170,1506161
2171,2806305
2172,1506559
2173,2928703
2174,2929750
2175,2515609
2176,2110500
2177,2110906
2178,2209807
2179,2929305
2180,1400506
2181,2210383
2182,3550506
2183,2412906
2184,2111805
2185,1200609
2186,2709152
2187,1508159
2188,2600500
2189,3153509
2190,2100808
2191,2601102
2192,2301703
2193,2201705
2194,3109006
2195,2602704
2196,2102200
2197,2602803
2198,2102507
2199,3113404
2200,4204103
2201,2801603
2202,4306734
2203,2204204
2204,3127008
2205,2104800
2206,3132107
2207,2105427
2208,5005103
2209,2918605
2210,3138609
2211,2803807
2212,2803906
2213,1713205
2214,1713304
2215,1101302
2216,2308807
2217,2509800
2218,2922508
2219,4211876
2220,2409506
2221,2924405
2222,4213153
2223,2410256
2224,2208502
2225,4314753
2226,2208809
2227,2926103
2228,2806206
2229,2109809
2230,1507805
2231,2211605
2232,4200408
2233,3101102
2234,2300408
2235,2500502
2236,1100379
2237,4101002
2238,2301406
2239,2301604
2240,2101608
2241,2201507
2242,2201606
2243,2102903
2244,2303808
2245,2303907
2246,2202703
2247,2102606
2248,2403707
2249,2605707
2250,2104107
2251,2404408
2252,4206108
2253,3521002
2254,2105500
2255,5212204
2256,1712405
2257,1100130
2258,2206001
2259,4114906
2260,2509305
2261,2705200
2262,2308906
2263,4312807
2264,2510105
2265,3533007
2266,2309300
2267,2310308
2268,4212254
2269,1505551
2270,4212908
2271,2805208
2272,2511806
2273,4213609
2274,2926004
2275,2110039
2276,2110104
2277,1200500
2278,4318903
2279,4319000
2280,4217204
2281,2313203
2282,2313351
2283,4321436
2284,2516904
2285,2313955
2286,4323770
2287,1700251
2288,2400307
2289,4300505
2290,1400027
2291,2100550
2292,1703107
2293,3506359
2294,4202453
2295,5002308
2296,4203303
2297,4203501
2298,5204904
2299,2504033
2300,3112604
2301,4302808
2302,3117009
2303,4204707
2304,1600212
2305,3510005
2306,3301801
2307,4308078
2308,1707702
2309,1707553
2310,4308805
2311,2404200
2312,3517802
2313,4206652
2314,5004106
2315,3519501
2316,4110201
2317,4207601
2318,1400282
2319,3134301
2320,3135803
2321,2105609
2322,2105948
2323,2406700
2324,2106201
2325,2919926
2326,1504109
2327,3139250
2328,2509339
2329,1504455
2330,2107001
2331,4312427
2332,3532702
2333,1400407
2334,2804706
2335,1715101
2336,1713809
2337,2408706
2338,3149002
2339,2409803
2340,2108405
2341,2511608
2342,4314548
2343,3152402
2344,4315131
2345,1600550
2346,2109270
2347,2512705
2348,2805802
2349,4215109
2350,5107701
2351,3546306
2352,3157906
2353,4317251
2354,4124509
2355,4320503
2356,3551801
2357,5107925
2358,3552304
2359,1507151
2360,5107404
2361,2515104
2362,2929503
2363,3165305
2364,4320453
2365,4218608
2366,4321832
2367,4321907
2368,3555604
2369,1508126
2370,4323358
2371,1700350
2372,1100346
2373,4300802
2374,3506300
2375,2102036
2376,4302352
2377,3507753
2378,2701506
2379,4203808
2380,3114501
2381,3511409
2382,2504504
2383,3513603
2384,1706506
2385,3122009
2386,3514106
2387,3514601
2388,1708205
2389,3517505
2390,3519105
2391,3521606
2392,3523008
2393,3522901
2394,3523800
2395,2917508
2396,3524907
2397,2918308
2398,2507705
2399,3528858
2400,4114807
2401,2509206
2402,2804102
2403,1101401
2404,3532504
2405,1100148
2406,1715002
2407,3536307
2408,2108256
2409,3537404
2410,2108702
2411,3539202
2412,3152105
2413,2109056
2414,2805406
2415,3542503
2416,2209302
2417,2513406
2418,3158409
2419,3547700
2420,3551207
2421,2413102
2422,2708303
2423,3162708
2424,2111532
2425,3552700
2426,3553609
2427,3554656
2428,3554706
2429,4218509
2430,2931905
2431,2112407
2432,2414605
2433,4128401
2434,3555901
2435,3172202
2436,4219507
2437,1500131
2438,5200308
2439,3101904
2440,3102100
2441,1700707
2442,3501806
2443,5201306
2444,2100956
2445,2201150
2446,3504909
2447,2302008
2448,2501401
2449,3106002
2450,2601508
2451,2903805
2452,2502706
2453,3108909
2454,5203807
2455,2701357
2456,3509957
2457,3113206
2458,2303659
2459,5205208
2460,2702009
2461,2202737
2462,5205802
2463,3120102
2464,5206206
2465,1706100
2466,2505204
2467,5205703
2468,5207402
2469,3123601
2470,4307831
2471,2104081
2472,1707652
2473,3516804
2474,3518503
2475,3130507
2476,2703304
2477,5210208
2478,3521309
2479,3133758
2480,5005004
2481,2307254
2482,2507903
2483,3137809
2484,4113908
2485,3139805
2486,2609204
2487,1712801
2488,5213087
2489,3531407
2490,5106182
2491,2923001
2492,1505064
2493,2107605
2494,2310407
2495,4314159
2496,3149804
2497,5217104
2498,2512002
2499,3540507
2500,2109304
2501,2805901
2502,2512754
2503,2109502
2504,3546256
2505,2612455
2506,4217550
2507,2930600
2508,2515971
2509,3161403
2510,2210102
2511,2210375
2512,3550001
2513,2515005
2514,3167905
2515,3553500
2516,1101609
2517,3169208
2518,2112456
2519,3555703
2520,2100154
2521,3100104
2522,4100103
2523,5200605
2524,4300646
2525,1300144
2526,2100907
2527,3104601
2528,1702703
2529,3504404
2530,2501500
2531,2101509
2532,5002100
2533,2101731
2534,2101970
2535,5002209
2536,2503753
2537,2401305
2538,3111903
2539,2701605
2540,2102754
2541,1200179
2542,3301157
2543,3114006
2544,4304952
2545,2103158
2546,3116605
2547,2202711
2548,4204400
2549,5205901
2550,5103379
2551,4305975
2552,1502855
2553,3121803
2554,3513900
2555,4306759
2556,4307559
2557,2702801
2558,3516002
2559,4308508
2560,2204303
2561,3517000
2562,4309258
2563,4109500
2564,3516606
2565,4310363
2566,2204808
2567,1503754
2568,2513653
2569,4311304
2570,3137700
2571,3526506
2572,2407203
2573,4311700
2574,3139607
2575,5212808
2576,2106375
2577,3140852
2578,3529609
2579,3303104
2580,4312708
2581,3534906
2582,4313607
2583,5215900
2584,2408805
2585,4314027
2586,3150901
2587,4314704
2588,5106703
2589,1718451
2590,4121406
2591,2208700
2592,5007109
2593,3155405
2594,3157203
2595,1506708
2596,2312106
2597,2411403
2598,2928307
2599,3548104
2600,2110302
2601,2111748
2602,2413201
2603,3551405
2604,2515930
2605,1507904
2606,2110609
2607,4216008
2608,2110708
2609,1101484
2610,4125407
2611,2209872
2612,2708501
2613,2111573
2614,2413003
2615,3553005
2616,3553856
2617,2516706
2618,3554300
2619,2112100
2620,3555505
2621,5108352
2622,4322558
2623,3170578
2624,3556800
2625,4300059
2626,3500550
2627,3501400
2628,4100301
2629,3501103
2630,4302303
2631,1200104
2632,2102309
2633,2701209
2634,3110301
2635,2603603
2636,3112307
2637,2801504
2638,4105904
2639,2702355
2640,4306502
2641,1707306
2642,3125952
2643,2802403
2644,4108502
2645,1709005
2646,2802601
2647,3517208
2648,3520608
2649,3520806
2650,3521150
2651,3131901
2652,3132701
2653,2916609
2654,2607505
2655,1503705
2656,2105989
2657,2704401
2658,4312054
2659,3141405
2660,3142809
2661,2206670
2662,3532801
2663,3532827
2664,3532900
2665,3145059
2666,2706000
2667,2108108
2668,3537107
2669,2707008
2670,4119954
2671,1717909
2672,2925402
2673,2805505
2674,2707206
2675,3541208
2676,2707602
2677,3154101
2678,3154507
2679,2109551
2680,2806404
2681,5107800
2682,2928802
2683,1720655
2684,2210805
2685,1720101
2686,5007695
2687,3162559
2688,2932457
2689,3556305
2690,1722107
2691,5100201
2692,5100102
2693,3101631
2694,5000609
2695,2901007
2696,2800100
2697,2901502
2698,2501302
2699,3505104
2700,2501575
2701,2903276
2702,1501725
2703,1703800
2704,4302709
2705,4103404
2706,2701308
2707,4104055
2708,2906857
2709,2103109
2710,2103257
2711,3117900
2712,2910107
2713,3124609
2714,2506251
2715,4110102
2716,2506806
2717,2916500
2718,4310603
2719,2703601
2720,2803302
2721,4210001
2722,2920403
2723,2205953
2724,1712504
2725,2509396
2726,2106706
2727,2804607
2728,3146305
2729,2107704
2730,2706505
2731,2805109
2732,2310951
2733,3539905
2734,2311207
2735,4213807
2736,2925600
2737,2925758
2738,2512408
2739,4214607
2740,3159308
2741,2516102
2742,2612901
2743,1507409
2744,2514453
2745,3162302
2746,4319711
2747,2516409
2748,4323309
2749,2112852
2750,4200101
2751,2400901
2752,5201702
2753,2601300
2754,2602001
2755,3110202
2756,5204805
2757,2603702
2758,4304697
2759,3115003
2760,3511201
2761,3115508
2762,4105102
2763,5205521
2764,4305702
2765,2505238
2766,2203404
2767,2505808
2768,4307450
2769,1503044
2770,4308300
2771,2104206
2772,2104404
2773,2104503
2774,4309704
2775,4310009
2776,2703106
2777,2914505
2778,2404903
2779,2507606
2780,2406106
2781,2508208
2782,3302304
2783,2508802
2784,2704609
2785,4210506
2786,2509909
2787,4312906
2788,5215603
2789,2310001
2790,5215702
2791,2310100
2792,1716505
2793,5218003
2794,4314803
2795,1718303
2796,4315156
2797,3156908
2798,2612307
2799,2513802
2800,5219738
2801,3160009
2802,3552007
2803,4318002
2804,2806800
2805,5108006
2806,4127908
2807,2211506
2808,2400604
2809,2200301
2810,3501152
2811,2101301
2812,2501906
2813,1100601
2814,2905404
2815,2401859
2816,3110905
2817,3111002
2818,3118007
2819,4106506
2820,2505105
2821,3515129
2822,2910404
2823,2910503
2824,3515608
2825,4107751
2826,3516903
2827,2104305
2828,2404309
2829,3517604
2830,3128105
2831,3519006
2832,2507200
2833,4208708
2834,2405702
2835,2918704
2836,2406502
2837,3138005
2838,3527603
2839,2509404
2840,1504752
2841,4312351
2842,5106109
2843,1100338
2844,3145000
2845,1100254
2846,2925931
2847,4315503
2848,3154457
2849,3155801
2850,2927101
2851,2411007
2852,1200427
2853,4124020
2854,3548302
2855,1507755
2856,2930105
2857,2410306
2858,2614006
2859,1100320
2860,2111607
2861,3552601
2862,2615102
2863,4127601
2864,1508050
2865,2414506
2866,2616183
2867,5008404
2868,4128500
2869,3501004
2870,1702307
2871,2501203
2872,4301909
2873,5203401
2874,2904100
2875,3507902
2876,2102556
2877,3112000
2878,3114303
2879,3510807
2880,1703909
2881,5204300
2882,2103125
2883,3116209
2884,3120508
2885,3120805
2886,5207253
2887,3514924
2888,3123700
2889,3124807
2890,2104099
2891,2104602
2892,1710706
2893,5211206
2894,5211602
2895,3134905
2896,2703908
2897,3137007
2898,2205581
2899,2407401
2900,2206100
2901,4211009
2902,4211256
2903,2921708
2904,5105903
2905,2510204
2906,3147204
2907,2610301
2908,2408607
2909,3148707
2910,2511400
2911,3150604
2912,3150802
2913,3540804
2914,5218508
2915,2512606
2916,4121505
2917,2208908
2918,3543253
2919,3543238
2920,3156304
2921,2927200
2922,3157104
2923,4124103
2924,2515906
2925,3551900
2926,2210904
2927,2516003
2928,5107859
2929,3162922
2930,4125704
2931,5007950
2932,3553302
2933,2414159
2934,3554805
2935,3170750
2936,4322707
2937,2505501
2938,3170800
2939,5100508
2940,2100501
2941,2901205
2942,4200804
2943,3102605
2944,3102803
2945,2400802
2946,1701309
2947,2902054
2948,2101350
2949,2101939
2950,3107307
2951,3300902
2952,5102678
2953,2604155
2954,3511508
2955,5205471
2956,4105607
2957,2908200
2958,2504405
2959,4204350
2960,2505279
2961,3121100
2962,4205175
2963,1707405
2964,2104073
2965,3517307
2966,1301654
2967,3517901
2968,3130903
2969,3521705
2970,4110953
2971,3522703
2972,2507309
2973,5212105
2974,5105200
2975,4113106
2976,4114005
2977,3142106
2978,3143401
2979,2705408
2980,2922003
2981,2922102
2982,2922300
2983,2510402
2984,1715507
2985,3145604
2986,2309904
2987,3147600
2988,2207793
2989,3151008
2990,3151305
2991,1718402
2992,2925808
2993,3544301
2994,1506195
2995,2513109
2996,2109759
2997,2413607
2998,2210656
2999,2930774
3000,2928901
3001,2708402
3002,3549300
3003,5220405
3004,2931509
3005,2414209
3006,3556008
3007,4219150
3008,2933257
3009,3172004
3010,2933059
3011,2900207
3012,2500734
3013,4101101
3014,2500908
3015,3103405
3016,2902658
3017,4301701
3018,2201556
3019,2601607
3020,4302659
3021,3508009
3022,2904852
3023,3109709
3024,4303301
3025,5002605
3026,4303558
3027,4103602
3028,3509452
3029,2202133
3030,3113602
3031,2701803
3032,4304903
3033,3115904
3034,2908309
3035,3117702
3036,4306007
3037,2909703
3038,3119906
3039,3121605
3040,4306973
3041,4309100
3042,2104701
3043,3518008
3044,4309654
3045,2911907
3046,2913002
3047,2913457
3048,2913705
3049,2913804
3050,4110706
3051,4112009
3052,2105476
3053,2105906
3054,2608750
3055,2205607
3056,4311502
3057,4210035
3058,3528304
3059,3139201
3060,4114401
3061,4312203
3062,3529500
3063,2921203
3064,2921401
3065,3142205
3066,3532108
3067,2107209
3068,2922755
3069,5106232
3070,5106240
3071,5106257
3072,3533601
3073,3145877
3074,3534757
3075,1505494
3076,3535408
3077,5006358
3078,3147402
3079,4118600
3080,3148905
3081,2924306
3082,3539004
3083,3151404
3084,4119103
3085,3539608
3086,2925253
3087,2707404
3088,2108900
3089,2925709
3090,2109403
3091,4316105
3092,5107578
3093,1100296
3094,5107768
3095,2110278
3096,3159902
3097,2929800
3098,2930204
3099,3548609
3100,3161007
3101,4318408
3102,4318465
3103,2111250
3104,2209856
3105,3162575
3106,4124806
3107,4319752
3108,2515401
3109,2709004
3110,5108600
3111,3500907
3112,5100300
3113,3502408
3114,5201454
3115,1702000
3116,1703008
3117,2502151
3118,3507308
3119,2503506
3120,2603306
3121,3111101
3122,2102804
3123,3115359
3124,2504355
3125,2203354
3126,2702504
3127,3514304
3128,3124906
3129,2702603
3130,2802205
3131,5003801
3132,2802502
3133,5004007
3134,3128006
3135,3128501
3136,3130200
3137,3130606
3138,2105351
3139,3132305
3140,3522158
3141,2703502
3142,3135704
3143,2105963
3144,2205599
3145,4113304
3146,2508406
3147,2508554
3148,2704906
3149,4116059
3150,2804201
3151,2921500
3152,3531704
3153,2804458
3154,2510709
3155,2707107
3156,3152907
3157,3304409
3158,2707800
3159,3544707
3160,2612109
3161,1718865
3162,4126504
3163,2110658
3164,3161205
3165,2806909
3166,3162005
3167,2514305
3168,3164803
3169,1720499
3170,4218350
3171,3556107
3172,2414704
3173,5100409
3174,4201802
3175,3105905
3176,3109808
3177,2504306
3178,5003454
3179,3513702
3180,5003504
3181,2404101
3182,4309407
3183,5104104
3184,2105203
3185,4207684
3186,2105807
3187,3139904
3188,3140704
3189,2106631
3190,3531001
3191,2107258
3192,2610103
3193,2409704
3194,1718550
3195,2807204
3196,2111078
3197,2111631
3198,4200309
3199,4300307
3200,3102209
3201,1701051
3202,2201101
3203,2502003
3204,1501758
3205,2800704
3206,2102150
3207,1703826
3208,2401909
3209,2503803
3210,4203600
3211,2907004
3212,2905107
3213,3511607
3214,3300951
3215,4106571
3216,3121209
3217,2203453
3218,2403509
3219,2403806
3220,2404002
3221,5209952
3222,2803104
3223,3132602
3224,5004502
3225,2917003
3226,2405207
3227,2405504
3228,2307205
3229,2406205
3230,2922409
3231,3144359
3232,4116703
3233,2207959
3234,2207108
3235,3146107
3236,3535101
3237,2207751
3238,2510907
3239,2310605
3240,4212700
3241,2310902
3242,2924801
3243,1505635
3244,5106778
3245,2706406
3246,4214201
3247,2611705
3248,2408953
3249,2109700
3250,3545605
3251,5219407
3252,4126272
3253,2514206
3254,2514909
3255,3554201
3256,2932606
3257,3306156
3258,2100105
3259,2500205
3260,3500808
3261,5100359
3262,2901155
3263,3100500
3264,2201572
3265,5002159
3266,3504800
3267,2202059
3268,2503308
3269,2905206
3270,1703842
3271,5102686
3272,4104501
3273,2202406
3274,3510401
3275,3116308
3276,2908101
3277,1716703
3278,2908705
3279,2203206
3280,3124005
3281,4107736
3282,2204600
3283,2506608
3284,4207403
3285,3521101
3286,2404804
3287,2915353
3288,5210802
3289,3132909
3290,3523701
3291,2205201
3292,5105002
3293,2507408
3294,2205516
3295,2508000
3296,5212303
3297,3528601
3298,2509503
3299,2206803
3300,4211454
3301,2705804
3302,3145455
3303,3535002
3304,2923704
3305,2107803
3306,2409308
3307,2207801
3308,3538501
3309,2805307
3310,5218102
3311,4121703
3312,2926301
3313,3544202
3314,3544251
3315,3544905
3316,3544806
3317,4122909
3318,5107875
3319,2708956
3320,2411809
3321,1101492
3322,3161908
3323,3162948
3324,2514800
3325,2807006
3326,1720309
3327,2313252
3328,2112001
3329,1721109
3330,1101807
3331,2500775
3332,5201603
3333,3503703
3334,2301802
3335,3505005
3336,4302055
3337,3506706
3338,4302154
3339,5101852
3340,4302378
3341,4103354
3342,2202026
3343,4103453
3344,2801108
3345,4104659
3346,1706258
3347,2403004
3348,1502764
3349,4107124
3350,3122108
3351,2403202
3352,2506103
3353,2702702
3354,3126901
3355,4308706
3356,2702900
3357,2506509
3358,2917805
3359,3135308
3360,2105450
3361,2205409
3362,3136009
3363,4311205
3364,2508109
3365,1712009
3366,2919157
3367,4113734
3368,2509008
3369,4311775
3370,3171501
3371,3140902
3372,2509370
3373,4312153
3374,4312302
3375,4312443
3376,2804409
3377,4313201
3378,4313375
3379,5106265
3380,4313466
3381,2207207
3382,3536109
3383,2207603
3384,2207934
3385,1716653
3386,4119608
3387,3540309
3388,4315057
3389,3541653
3390,3154002
3391,5218706
3392,5107180
3393,3155702
3394,4315552
3395,4316451
3396,2612471
3397,2209104
3398,2209401
3399,3548401
3400,4320206
3401,1101500
3402,3166907
3403,3167103
3404,2516300
3405,2411601
3406,2411700
3407,5107297
3408,5107354
3409,4216305
3410,2514107
3411,3164472
3412,3553203
3413,4126678
3414,3554904
3415,3170008
3416,2517209
3417,4323457
3418,2933505
3419,3101003
3420,5200050
3421,4128625
3422,2901908
3423,2901957
3424,3103603
3425,2501609
3426,3505807
3427,4102802
3428,2202455
3429,4104600
3430,5103205
3431,4306130
3432,2801900
3433,1707108
3434,5103601
3435,4107256
3436,4107306
3437,4307203
3438,3515657
3439,4108650
3440,3127602
3441,4309159
3442,3129301
3443,2802700
3444,5210406
3445,2915908
3446,4310850
3447,2917409
3448,4311122
3449,4113601
3450,3528106
3451,2920106
3452,2705002
3453,4115606
3454,5105606
3455,5213004
3456,4211108
3457,1714302
3458,3144607
3459,5214705
3460,4313490
3461,2923100
3462,3534005
3463,3535200
3464,1715754
3465,2610400
3466,4314050
3467,2805000
3468,5106372
3469,1716604
3470,4120655
3471,4315404
3472,2806503
3473,3547650
3474,4317558
3475,4126207
3476,4318424
3477,4319703
3478,2930907
3479,2516607
3480,2807303
3481,4322202
3482,2932101
3483,4322905
3484,2414902
3485,2517100
3486,3557154
3487,2500106
3488,5200902
3489,1702158
3490,5202155
3491,2501005
3492,5202601
3493,2903003
3494,1703073
3495,2700805
3496,2101806
3497,2201804
3498,3108206
3499,5203559
3500,2503100
3501,2503555
3502,2202174
3503,4304002
3504,3112109
3505,3510708
3506,2504108
3507,1100056
3508,4106308
3509,3119104
3510,2505402
3511,2505709
3512,2605152
3513,2505907
3514,3123809
3515,4308409
3516,3516853
3517,3129202
3518,2606507
3519,3129509
3520,2915007
3521,3522802
3522,4208450
3523,5105150
3524,5105309
3525,1712454
3526,4114708
3527,2705309
3528,2508703
3529,2408409
3530,3534104
3531,2706109
3532,2510600
3533,4212056
3534,3536000
3535,2108009
3536,5217203
3537,3540259
3538,3153004
3539,3154309
3540,2926400
3541,2512788
3542,3154705
3543,3154804
3544,5007208
3545,3155306
3546,1718758
3547,2311900
3548,2513158
3549,1506583
3550,1718907
3551,1719004
3552,2708105
3553,2413508
3554,3167509
3555,2513927
3556,4216701
3557,2514008
3558,2111052
3559,2412104
3560,3164431
3561,3550902
3562,2614709
3563,4126801
3564,5108055
3565,2313708
3566,5221700
3567,2933174
3568,2616100
3569,2933604
3570,1700400
3571,1701101
3572,1701903
3573,1702406
3574,2201309
3575,1703206
3576,3506904
3577,1703305
3578,1703602
3579,1703701
3580,3109253
3581,5002407
3582,2202075
3583,2202091
3584,4203907
3585,1703883
3586,1703891
3587,1704105
3588,3116001
3589,1705102
3590,1704600
3591,1705557
3592,1705607
3593,4204509
3594,2203107
3595,2906709
3596,2505352
3597,4107108
3598,4205001
3599,1707207
3600,3514205
3601,2203420
3602,2910602
3603,2702553
3604,3515350
3605,4108007
3606,3126505
3607,1708304
3608,5208400
3609,2104628
3610,3519204
3611,2912806
3612,2703205
3613,1710508
3614,2916005
3615,1710904
3616,1711100
3617,2917359
3618,2703403
3619,4112207
3620,1711506
3621,4112751
3622,5105101
3623,1711803
3624,4209177
3625,1711902
3626,1711951
3627,2918902
3628,2919108
3629,1712157
3630,5105580
3631,4210555
3632,2920908
3633,1712702
3634,3140605
3635,2106607
3636,1101203
3637,4211058
3638,1713700
3639,1713601
3640,2614303
3641,1713957
3642,1714203
3643,3144656
3644,5006002
3645,1715150
3646,1715259
3647,5215256
3648,2206951
3649,2705903
3650,1715705
3651,1716208
3652,3148202
3653,1716307
3654,1717008
3655,1717206
3656,1717503
3657,1717800
3658,1718006
3659,1718501
3660,2926509
3661,3542909
3662,3155504
3663,1718709
3664,4122602
3665,2513000
3666,1718840
3667,1718881
3668,1718899
3669,3159704
3670,1720002
3671,2929602
3672,1720853
3673,2708204
3674,2513984
3675,4216503
3676,4216404
3677,1720259
3678,1720903
3679,1720937
3680,1720978
3681,3168101
3682,5007976
3683,4321402
3684,5221197
3685,3169000
3686,2709202
3687,1721307
3688,4322525
3689,2903607
3690,5203609
3691,3108800
3692,4304408
3693,2907905
3694,4106001
3695,3118700
3696,1100080
3697,4106605
3698,3123205
3699,2911402
3700,4109005
3701,2205003
3702,2405108
3703,2918209
3704,2105922
3705,3138104
3706,2106102
3707,2205854
3708,2106359
3709,3144672
3710,2922730
3711,2107308
3712,2107902
3713,5006903
3714,3152808
3715,4215075
3716,2927606
3717,3547601
3718,3159803
3719,2513604
3720,2111904
3721,2111953
3722,2209658
3723,2110807
3724,2111672
3725,2614808
3726,3555802
3727,2901700
3728,2501351
3729,2201408
3730,2903953
3731,5204250
3732,3112703
3733,3126000
3734,4108320
3735,2204402
3736,5209150
3737,3521507
3738,4111209
3739,5004700
3740,4209458
3741,2406908
3742,2920809
3743,2407609
3744,3142007
3745,3532058
3746,4117305
3747,1101468
3748,2410405
3749,4120903
3750,4215406
3751,4123204
3752,5220504
3753,2930808
3754,5220009
3755,5108501
3756,4200200
3757,4200705
3758,5000708
3759,3103751
3760,2501153
3761,2902500
3762,2201960
3763,2602506
3764,5204003
3765,3111804
3766,3112505
3767,2906899
3768,3113503
3769,5205513
3770,3117504
3771,3118403
3772,2909604
3773,4204806
3774,2203271
3775,2204501
3776,4110052
3777,3131208
3778,5210901
3779,4113452
3780,4209904
3781,2919702
3782,5005400
3783,2206357
3784,3530201
3785,4116109
3786,5106190
3787,3147808
3788,2924652
3789,3540002
3790,4121307
3791,2926202
3792,4122156
3793,2927903
3794,2411429
3795,3165602
3796,3166956
3797,3161502
3798,4318606
3799,4125605
3800,3165008
3801,4126108
3802,3168051
3803,2931707
3804,2211357
3805,5000203
3806,4200556
3807,4101150
3808,2500536
3809,2601003
3810,2502102
3811,4203105
3812,2202117
3813,2701902
3814,4106456
3815,2909208
3816,3120151
3817,5103452
3818,3122355
3819,3122504
3820,3301603
3821,2910750
3822,3127800
3823,5104203
3824,4110003
3825,3130804
3826,4111001
3827,3134004
3828,3135209
3829,3136405
3830,3141702
3831,5214002
3832,4313060
3833,1101435
3834,3533254
3835,2510501
3836,4313904
3837,2512721
3838,3537503
3839,3155207
3840,2926806
3841,2927309
3842,2612802
3843,3547205
3844,3158607
3845,2209351
3846,3549508
3847,4319109
3848,4319604
3849,4127809
3850,4218905
3851,4219101
3852,2200251
3853,2902302
3854,4201703
3855,4301636
3856,2700904
3857,3107000
3858,4303202
3859,2202109
3860,3112406
3861,2202539
3862,3119609
3863,5206503
3864,2203255
3865,2907806
3866,3120003
3867,3121258
3868,4204905
3869,4306932
3870,4308052
3871,3515905
3872,3518107
3873,4310108
3874,2913507
3875,3520707
3876,4110656
3877,2204907
3878,2607406
3879,4310652
3880,3135001
3881,4209151
3882,2918357
3883,3137106
3884,3137502
3885,4209508
3886,2508505
3887,2920007
3888,2509057
3889,3142700
3890,4312476
3891,5214101
3892,5106299
3893,2409209
3894,3536604
3895,4213005
3896,2924678
3897,3152006
3898,5106828
3899,4214003
3900,4316733
3901,2209203
3902,2513356
3903,4123824
3904,4320305
3905,3167400
3906,2210706
3907,2929008
3908,4318507
3909,2210409
3910,2515203
3911,3168507
3912,4321626
3913,4322541
3914,2414803
3915,4323705
3916,5200100
3917,4200051
3918,4300109
3919,4100459
3920,5101308
3921,3104908
3922,2501534
3923,3105400
3924,2904753
3925,2503407
3926,2905008
3927,5204409
3928,3509809
3929,2906824
3930,4304689
3931,3114402
3932,2907202
3933,5103304
3934,3117801
3935,3512605
3936,2505006
3937,3121308
3938,4205159
3939,4307401
3940,5207808
3941,4108452
3942,5208152
3943,3127503
3944,4310405
3945,5104542
3946,2916708
3947,5004601
3948,5211404
3949,2406155
3950,3527900
3951,3528908
3952,5213509
3953,2922201
3954,5106315
3955,2923050
3956,4211751
3957,2923357
3958,3146909
3959,3535507
3960,2706422
3961,2923803
3962,2924207
3963,5218300
3964,2925105
3965,4120408
3966,5218904
3967,2928406
3968,5219704
3969,4317301
3970,3158508
3971,5107263
3972,2412302
3973,2929370
3974,3162609
3975,5220207
3976,2414001
3977,2931004
3978,2931103
3979,4127403
3980,4321808
3981,5221502
3982,2932002
3983,2414753
3984,3171402
3985,3501202
3986,2900801
3987,2300606
3988,4101200
3989,5001102
3990,4301305
3991,5101704
3992,3107802
3993,2502409
3994,2602407
3995,3109204
3996,3508207
3997,2906600
3998,4104428
3999,2907608
4000,3116704
4001,5103254
4002,4106100
4003,5003256
4004,3123528
4005,4309001
4006,4206405
4007,2912400
4008,4112504
4009,2205573
4010,4114351
4011,2920452
4012,4115101
4013,2921302
4014,3142304
4015,5108907
4016,2510303
4017,3145406
4018,4212270
4019,2924108
4020,2924504
4021,2924603
4022,3150703
4023,4119806
4024,4121752
4025,4122800
4026,2612554
4027,4215679
4028,3158300
4029,3160306
4030,4318200
4031,3163003
4032,2209971
4033,4216255
4034,4125100
4035,4319356
4036,4319802
4037,3100708
4038,3102050
4039,2901601
4040,5101258
4041,5204102
4042,3113107
4043,3114600
4044,4105003
4045,3115409
4046,4204756
4047,4205100
4048,4306957
4049,2403400
4050,2910859
4051,2403905
4052,4110409
4053,2607109
4054,2917201
4055,2405603
4056,2919801
4057,2922052
4058,4313953
4059,3535705
4060,3150000
4061,3150570
4062,3151909
4063,2927804
4064,2515708
4065,3163300
4066,2412401
4067,2414308
4068,3170503
4069,5200134
4070,4101606
4071,4300877
4072,4102901
4073,4103107
4074,4302501
4075,2603405
4076,5205307
4077,3126703
4078,4205605
4079,4109906
4080,4112108
4081,4112801
4082,3139102
4083,2920304
4084,3144706
4085,4120002
4086,5219506
4087,4217303
4088,3501509
4089,3102506
4090,2901304
4091,2902203
4092,4300901
4093,4102505
4094,4301651
4095,2906402
4096,5205059
4097,2202653
4098,4105706
4099,4305850
4100,2909307
4101,5206602
4102,4107009
4103,2505303
4104,4306304
4105,3514957
4106,3123858
4107,5207907
4108,3516507
4109,4309902
4110,4310413
4111,2917904
4112,2205300
4113,4112959
4114,5005251
4115,3138807
4116,2919959
4117,4115358
4118,2510006
4119,4116604
4120,3533304
4121,4117206
4122,2923407
4123,3535903
4124,5106307
4125,2511103
4126,4314506
4127,2410603
4128,2926657
4129,4316204
4130,5219456
4131,5107792
4132,3165909
4133,2930303
4134,4319125
4135,4322855
4136,4323754
4137,2933455
4138,2200053
4139,3102902
4140,3103009
4141,5001003
4142,3105707
4143,2502052
4144,4202503
4145,3507209
4146,2202083
4147,5102694
4148,4104451
4149,2906907
4150,2504074
4151,3114105
4152,5205455
4153,1100924
4154,5003108
4155,4204558
4156,3514700
4157,2910909
4158,3130408
4159,5210158
4160,2921054
4161,4210902
4162,4312377
4163,3156007
4164,5107743
4165,3157658
4166,4317806
4167,2614402
4168,2210938
4169,4318481
4170,2930766
4171,3553658
4172,4321477
4173,3555307
4174,2700102
4175,3103801
4176,4201604
4177,2904050
4178,3109303
4179,3509106
4180,5204854
4181,3114709
4182,4305405
4183,5206800
4184,2505600
4185,4205209
4186,2911105
4187,5208905
4188,3518859
4189,2912301
4190,2912509
4191,5210307
4192,3131802
4193,4310702
4194,5104609
4195,5211701
4196,3136108
4197,3525607
4198,2918506
4199,5213707
4200,3532306
4201,3145109
4202,4212239
4203,1505650
4204,2512200
4205,4315172
4206,2924058
4207,4215356
4208,2513851
4209,3549003
4210,5107305
4211,5220058
4212,2209906
4213,4217154
4214,4319406
4215,3170057
4216,5200175
4217,3100906
4218,5200159
4219,3102308
4220,4101309
4221,4301800
4222,2903706
4223,4202438
4224,2502300
4225,2904001
4226,2502904
4227,2904506
4228,3109402
4229,3110103
4230,4303608
4231,3113008
4232,2907103
4233,2907707
4234,4305801
4235,5206404
4236,4106852
4237,5103502
4238,4107405
4239,3128402
4240,5209804
4241,4309803
4242,2914307
4243,4310553
4244,3135076
4245,4112306
4246,3136504
4247,3136306
4248,3525805
4249,2205540
4250,3140555
4251,3531209
4252,3143203
4253,4312757
4254,3136603
4255,4313656
4256,3149200
4257,4119400
4258,2925006
4259,4314787
4260,4120150
4261,3541802
4262,3542107
4263,3542305
4264,3543204
4265,3154903
4266,3156452
4267,4123105
4268,5107248
4269,4123600
4270,3157708
4271,3167301
4272,2929255
4273,2931053
4274,4321006
4275,4321105
4276,2931608
4277,4127502
4278,2931806
4279,2932408
4280,3506201
4281,3107703
4282,4103156
4283,2201945
4284,4103503
4285,3111408
4286,4304713
4287,1100064
4288,3117207
4289,3117876
4290,3119708
4291,3512704
4292,1100072
4293,4205191
4294,2203800
4295,3130309
4296,3131604
4297,2917334
4298,4310900
4299,4311007
4300,4311601
4301,3527702
4302,3138906
4303,2920205
4304,3143153
4305,2921807
4306,2922250
4307,2922706
4308,3145356
4309,3533700
4310,4314076
4311,2513208
4312,3157500
4313,3164100
4314,3164308
4315,1101559
4316,5008008
4317,3170438
4318,3105103
4319,2902807
4320,3507704
4321,4202875
4322,2202554
4323,3118809
4324,2402808
4325,3122603
4326,2605301
4327,3128253
4328,3129004
4329,4110904
4330,3134400
4331,2205276
4332,3529104
4333,4115408
4334,3530409
4335,5108857
4336,3149952
4337,3152170
4338,4120853
4339,2925907
4340,4124400
4341,4318101
4342,3161809
4343,3169703
4344,4128559
4345,4128658
4346,3100302
4347,2901353
4348,2901403
4349,2901809
4350,2902609
4351,2903235
4352,4202131
4353,2903508
4354,2904209
4355,2904407
4356,2904308
4357,2904803
4358,2905305
4359,5102603
4360,2906105
4361,3112208
4362,2907400
4363,2907558
4364,4305116
4365,2908804
4366,2909000
4367,2909109
4368,2909406
4369,2910206
4370,2910305
4371,5207501
4372,2910776
4373,5103700
4374,3126208
4375,2911253
4376,2911303
4377,2911659
4378,2911857
4379,2912004
4380,2912202
4381,2912608
4382,2913101
4383,2913309
4384,2913408
4385,2914109
4386,2914208
4387,2914406
4388,2915304
4389,2915403
4390,2915809
4391,2916906
4392,2918100
4393,2918456
4394,4112900
4395,2918753
4396,2919009
4397,2919306
4398,2919603
4399,2919900
4400,2407302
4401,5213053
4402,2922805
4403,2922854
4404,2923035
4405,2924900
4406,4122008
4407,2926707
4408,4215687
4409,2928208
4410,5219712
4411,3551306
4412,2930006
4413,2929057
4414,2929404
4415,2930758
4416,5107941
4417,2931301
4418,2931400
4419,2933109
4420,2933406
4421,2900504
4422,5000856
4423,3503158
4424,4202537
4425,4202859
4426,3508306
4427,5002803
4428,4306452
4429,5004304
4430,5209937
4431,5104559
4432,3138658
4433,3141306
4434,3141603
4435,5213905
4436,4118451
4437,2207777
4438,2208601
4439,4215208
4440,4316303
4441,3544608
4442,4316428
4443,3157005
4444,4123501
4445,5219357
4446,2209450
4447,3160603
4448,3166204
4449,3168002
4450,3502002
4451,4201257
4452,3105509
4453,5101902
4454,4103479
4455,1100908
4456,5103056
4457,3120839
4458,3120870
4459,4104402
4460,3117836
4461,3513850
4462,2203859
4463,3127305
4464,5103858
4465,3128600
4466,3130705
4467,3131000
4468,3520905
4469,4207650
4470,5211008
4471,3135357
4472,3138674
4473,3140530
4474,2206605
4475,2407906
4476,5215207
4477,2207306
4478,3150505
4479,4315107
4480,3152600
4481,4121604
4482,3154200
4483,3155603
4484,3165503
4485,4126355
4486,2516151
4487,3162203
4488,3168804
4489,4128005
4490,3170529
4491,5222054
4492,4100202
4493,2200103
4494,3102407
4495,3502606
4496,3503000
4497,4102208
4498,3119203
4499,4305934
4500,3513207
4501,3119955
4502,4306551
4503,3123106
4504,3123403
4505,3131109
4506,3522000
4507,3133204
4508,3133907
4509,4311155
4510,4311981
4511,4115457
4512,4115754
4513,5006259
4514,4313425
4515,2207405
4516,3147709
4517,3536406
4518,4118709
4519,3150307
4520,4314498
4521,3153400
4522,3542800
4523,3157252
4524,3546504
4525,3163805
4526,4319307
4527,4125753
4528,3555356
4529,3104502
4530,3512100
4531,3120607
4532,5103809
4533,4309506
4534,3139706
4535,4312500
4536,5106802
4537,4123006
4538,3165701
4539,5107883
4540,3125507
4541,2514552
4542,3508801
4543,4106555
4544,4107504
4545,5103908
4546,3517109
4547,2206753
4548,5214804
4549,3145851
4550,4314456
4551,4316956
4552,3167608
4553,3161700
4554,4125456
4555,4127007
4556,2516805
4557,5002902
4558,4106803
4559,3126802
4560,2506202
4561,3519808
4562,3135050
4563,3138708
4564,3150158
4565,2209500
4566,3160959
4567,4127965
4568,2200277
4569,2201051
4570,5203906
4571,4305009
4572,4305124
4573,3115201
4574,4306072
4575,3129657
4576,3130002
4577,4113759
4578,2206696
4579,5214408
4580,5106208
4581,5215306
4582,5215405
4583,4315149
4584,3157302
4585,5219902
4586,2411908
4587,5220157
4588,2414456
4589,4100707
4590,4100509
4591,5101605
4592,2503902
4593,4304655
4594,4305959
4595,5207352
4596,3515194
4597,3515301
4598,5209903
4599,4207205
4600,4110300
4601,5004403
4602,4207759
4603,4310504
4604,4310538
4605,5212006
4606,2205458
4607,5105176
4608,4311254
4609,4113429
4610,3138625
4611,3527801
4612,2206050
4613,5214838
4614,4313086
4615,4313359
4616,2409605
4617,4213351
4618,4213302
4619,4315354
4620,3156502
4621,4217758
4622,2513943
4623,4126009
4624,5221551
4625,3556602
4626,2517407
4627,5200803
4628,4300661
4629,5100805
4630,3104700
4631,4103206
4632,4305207
4633,4107157
4634,4308003
4635,4108205
4636,4308433
4637,2304806
4638,5209408
4639,4206603
4640,3129707
4641,3134707
4642,3135902
4643,5005152
4644,2205557
4645,3137908
4646,4209706
4647,4210308
4648,5213772
4649,5214051
4650,5106000
4651,5214879
4652,3145372
4653,4314134
4654,3158102
4655,5219605
4656,3163607
4657,3555208
4658,5222203
4659,3171600
4660,3100401
4661,3100807
4662,2500577
4663,5200852
4664,5001508
4665,3109451
4666,4105201
4667,4306429
4668,3123908
4669,3127073
4670,3519253
4671,3136579
4672,3136520
4673,3136801
4674,4311627
4675,2609154
4676,4311759
4677,5106216
4678,3146255
4679,3146701
4680,4313805
4681,5216007
4682,5216452
4683,3152709
4684,4120606
4685,4119004
4686,4214508
4687,5007505
4688,3166709
4689,3162252
4690,3162401
4691,2210979
4692,4300570
4693,4301958
4694,3505351
4695,4202602
4696,5102850
4697,4304309
4698,4107546
4699,2204352
4700,5104500
4701,4310439
4702,2405900
4703,3525854
4704,4311429
4705,4210209
4706,3528809
4707,3530003
4708,3530904
4709,3531605
4710,3144904
4711,5215504
4712,3146552
4713,2207355
4714,5216809
4715,5217708
4716,5218052
4717,5106851
4718,3543600
4719,4214409
4720,2209377
4721,5107776
4722,2413557
4723,2209757
4724,4322376
4725,2211704
4726,3533809
4727,5100607
4728,4102109
4729,3105202
4730,3107505
4731,3108008
4732,4303400
4733,3115706
4734,3118106
4735,3121407
4736,3123007
4737,4306924
4738,4107538
4739,3125002
4740,3127370
4741,4108957
4742,3133402
4743,4111555
4744,3139300
4745,3144409
4746,5106158
4747,2206902
4748,4120358
4749,3153301
4750,4121109
4751,5007307
4752,4315909
4753,3156601
4754,3545100
4755,3545704
4756,2513505
4757,3158904
4758,3165560
4759,4126306
4760,3160801
4761,4216800
4762,3552908
4763,5221304
4764,5221908
4765,3108552
4766,4302907
4767,3118908
4768,3120201
4769,3122702
4770,4110607
4771,4111704
4772,3142601
4773,4117255
4774,3156809
4775,3162807
4776,3556958
4777,5202502
4778,3106507
4779,4103305
4780,5203939
4781,3109501
4782,3116407
4783,2202851
4784,5208301
4785,3132503
4786,5212956
4787,5106174
4788,3150539
4789,3541901
4790,5219001
4791,4318614
4792,3171808
4793,2201176
4794,4103370
4795,3110806
4796,3114550
4797,4305447
4798,4305871
4799,3120706
4800,5003751
4801,3515806
4802,3522653
4803,4209201
4804,2407252
4805,4117453
4806,3537008
4807,4314209
4808,3149705
4809,4314423
4810,3539707
4811,2512036
4812,4118907
4813,4315321
4814,5219100
4815,5219209
4816,5007554
4817,2210623
4818,4320552
4819,4216057
4820,3162450
4821,3503505
4822,3104809
4823,3108701
4824,3511904
4825,5103106
4826,4108106
4827,4111605
4828,2406007
4829,3136900
4830,2206308
4831,3532207
4832,4120101
4833,4214706
4834,3543501
4835,3159506
4836,3166006
4837,3552551
4838,5001243
4839,3104403
4840,3115102
4841,3126604
4842,5211305
4843,3135605
4844,3528700
4845,4115853
4846,5106273
4847,4117800
4848,4121802
4849,5107198
4850,4122701
4851,4317707
4852,4300455
4853,5101001
4854,3109600
4855,4305439
4856,3119807
4857,3121001
4858,3125705
4859,4107801
4860,3126307
4861,4110508
4862,5210562
4863,3134103
4864,3143450
4865,5213855
4866,3143708
4867,3144201
4868,5106281
4869,3145505
4870,3146404
4871,3146503
4872,4314308
4873,3154150
4874,5107156
4875,3156403
4876,5107750
4877,4123808
4878,3158201
4879,3160504
4880,4215901
4881,4125308
4882,3163409
4883,4319158
4884,3168309
4885,3168903
4886,3171907
4887,3172103
4888,3101201
4889,3101300
4890,3102852
4891,3103108
4892,3103306
4893,3103702
4894,3103207
4895,3103900
4896,3104304
4897,3104452
4898,3105004
4899,3105301
4900,3106655
4901,3106606
4902,3106804
4903,3107604
4904,3108255
4905,3108503
4906,4203154
4907,3110400
4908,3111309
4909,3111705
4910,3112059
4911,3112653
4912,3112901
4913,3113800
4914,3114808
4915,3114907
4916,3115474
4917,3116159
4918,3116100
4919,4305371
4920,3116506
4921,3116803
4922,3116902
4923,3117108
4924,3117405
4925,3117603
4926,3118205
4927,3118502
4928,3119005
4929,3119500
4930,3120409
4931,3120300
4932,3121506
4933,3122207
4934,3122454
4935,3122801
4936,3122900
4937,3123304
4938,3125200
4939,3125606
4940,3125408
4941,3125804
4942,3126406
4943,3126752
4944,3127057
4945,3127206
4946,3127339
4947,3127354
4948,3127404
4949,3127909
4950,3128204
4951,3128808
4952,3129103
4953,3129400
4954,3129905
4955,3130655
4956,4207577
4957,3132008
4958,3132800
4959,3134509
4960,2205151
4961,3134806
4962,3135456
4963,3135506
4964,3136553
4965,3136959
4966,3137536
4967,3138302
4968,3138351
4969,3138500
4970,3138682
4971,3140100
4972,3140407
4973,4312104
4974,3141009
4975,3141207
4976,3141504
4977,3529658
4978,3141900
4979,2609303
4980,3142254
4981,3142502
4982,3143005
4983,3143500
4984,3144375
4985,3145703
4986,3145802
4987,3146206
4988,4211892
4989,3146602
4990,3146750
4991,3147501
4992,3147956
4993,3148301
4994,3148400
4995,3148509
4996,3148756
4997,3148806
4998,3149101
4999,3149150
5000,3149408
5001,3149507
5002,3149606
5003,3148608
5004,3150109
5005,3150208
5006,3152131
5007,3153103
5008,3153608
5009,3153707
5010,3153806
5011,4315453
5012,3154408
5013,4122172
5014,3155009
5015,3155900
5016,3155108
5017,3156106
5018,3156205
5019,4122503
5020,3157278
5021,3157377
5022,3157401
5023,4316972
5024,3159209
5025,3159407
5026,3159357
5027,3158706
5028,3158805
5029,3159001
5030,3159100
5031,3160108
5032,3160207
5033,3165404
5034,3166303
5035,3166402
5036,3166501
5037,3165552
5038,3167806
5039,3161304
5040,3163102
5041,3163201
5042,3163508
5043,2209955
5044,3162658
5045,3163904
5046,3164001
5047,3164407
5048,3164902
5049,3165206
5050,3168200
5051,3168408
5052,4321352
5053,3169059
5054,4321709
5055,3169505
5056,4322301
5057,3169802
5058,3170305
5059,4322350
5060,3170602
5061,3171071
5062,3171154
5063,3171105
5064,3171709
5065,3100609
5066,2200806
5067,3527504
5068,4120309
5069,2410504
5070,4125209
5071,2400406
5072,5200555
5073,4204152
5074,5003157
5075,5206305
5076,4306353
5077,5207600
5078,2205532
5079,4116950
5080,5215801
5081,2209609
5082,4319364
5083,4126900
5084,4101655
5085,4103800
5086,5204953
5087,4111100
5088,4310751
5089,4116307
5090,4117271
5091,3534500
5092,4117404
5093,2207553
5094,4214151
5095,2410801
5096,3545506
5097,2209153
5098,4317954
5099,2513968
5100,4124707
5101,2210391
5102,5221080
5103,5108105
5104,5222302
5105,4308458
5106,3521200
5107,4116406
5108,4118857
5109,4119202
5110,5218789
5111,4125357
5112,4319372
5113,4219358
5114,4301859
5115,4302451
5116,4303707
5117,2202802
5118,5003900
5119,3534203
5120,4124301
5121,4318432
5122,4125803
5123,2210953
5124,4219408
5125,2200954
5126,4301750
5127,3510153
5128,5209606
5129,3532157
5130,4117057
5131,3534807
5132,4315750
5133,2210631
5134,4320701
5135,5101209
5136,4102703
5137,4202156
5138,2201988
5139,4305157
5140,4205555
5141,4206751
5142,5212709
5143,5005806
5144,4116802
5145,4117222
5146,4117297
5147,4314555
5148,4321329
5149,4107553
5150,5004809
5151,5006408
5152,3544509
5153,5007703
5154,4205431
5155,4107702
5156,5209457
5157,4109658
5158,4310579
5159,5106455
5160,4320263
5161,4126652
5162,2209559
5163,5221577
5164,4128302
5165,5000807
5166,4300851
5167,5204201
5168,4306700
5169,5212600
5170,4312617
5171,3540101
5172,5220686
5173,4318622
5174,5108204
5175,4323507
5176,4128807
5177,4101853
5178,5203104
5179,4103024
5180,4103040
5181,4103222
5182,4103958
5183,4304671
5184,4203253
5185,5207105
5186,4128633
5187,4307302
5188,4107520
5189,4107850
5190,4108551
5191,4108700
5192,4310462
5193,4207908
5194,4113254
5195,4311643
5196,4115739
5197,4116000
5198,4117214
5199,4119657
5200,4120200
5201,4122107
5202,4122651
5203,4123857
5204,4124608
5205,4125902
5206,4127882
5207,4128534
5208,4203402
5209,5003488
5210,2204550
5211,4311734
5212,4322327
5213,5000906
5214,4301206
5215,4304101
5216,2203602
5217,5004908
5218,3537701
5219,3547403
5220,5102793
5221,5103957
5222,2208551
5223,4202081
5224,4102752
5225,3547106
5226,5221007
5227,4304853
5228,5208103
5229,5213400
5230,5202353
5231,3507159
5232,4306056
5233,3525409
5234,2509602
5235,3533205
5236,4302238
5237,5215652
5238,2511004
5239,2512077
5240,4317756
5241,4319208
5242,4323101
5243,4300034
5244,4312450
5245,4214102
5246,4320651
5247,4306379
5248,4307104
5249,4210050
5250,4302220
5251,3532843
5252,4320354
5253,4202578
5254,4311718
5255,4211652
5256,4301875
5257,2204154
5258,4309571
5259,4313391
5260,4314068
5261,5200209
5262,5203575
5263,4302584
5264,4204178
5265,4304622
5266,4300471
5267,4305132
5268,4302204
5269,3526308
5270,4317004
5271,4320677
5272,4322533
5273,5206909
5274,2208858
5275,3513306
5276,4316477
5277,2203008
5278,4311130
5279,5212907
5280,4210704
5281,5216908
5282,4320321
5283,4309753
5284,5204656
5285,5206701
5286,4310876
5287,3549607
5288,4321493
5289,5221452
5290,2205359
5291,4314472
5292,3516101
5293,2205250
5294,4301503
5295,5214903
5296,4300554
5297,4310306
5298,3503356
5299,4311270
5300,4315008
5301,4218954
5302,4300638
5303,4315958
5304,3543105
5305,4315073
5306,4301073
5307,4315206
5308,2201002
5309,4322186
5310,4314464
5311,5219803
5312,4311239
5313,2202251
5314,4313037
5315,4320578
5316,5220702
5317,4308656
5318,4313441
5319,4314175
5320,4307815
5321,4305835
